Subject,Level,Session,Session number,First name,Last name
PHYSICS,SL,2026 MAY,2605059,Ben,Wilson
COMPUTER SCIENCE,HL,2026 MAY,2605011,Alice,Anderson
PHYSICS,SL,2026 MAY,2605043,Alice,Morgan
COMPUTER SCIENCE,HL,2026 MAY,2605002,Alice,Lee
ECONOMICS,HL,2026 MAY,2605073,Ben,Green
ECONOMICS,HL,2026 MAY,2605067,Ben,Thompson
COMPUTER SCIENCE,HL,2026 MAY,2605016,Alice,Martin
COMPUTER SCIENCE,HL,2026 MAY,2605027,Alice,Carter
PHYSICS,SL,2026 MAY,2605041,Alice,Reed
PHYSICS,SL,2026 MAY,2605033,Alice,Campbell
PHYSICS,SL,2026 MAY,2605046,Alice,Bailey
PHYSICS,SL,2026 MAY,2605048,Alice,Cooper
ECONOMICS,HL,2026 MAY,2605068,Ben,Young
COMPUTER SCIENCE,HL,2026 MAY,2605020,Alice,King
ECONOMICS,HL,2026 MAY,2605060,Ben,Nguyen
PHYSICS,SL,2026 MAY,2605056,Ben,Patel
ECONOMICS,HL,2026 MAY,2605063,Ben,Jackson
ECONOMICS,HL,2026 MAY,2605071,Ben,Wright
PHYSICS,SL,2026 MAY,2605052,Ben,Lee
PHYSICS,SL,2026 MAY,2605057,Ben,Garcia
PHYSICS,SL,2026 MAY,2605050,Alice,Cox
ECONOMICS,HL,2026 MAY,2605086,Ben,Edwards
ECONOMICS,HL,2026 MAY,2605080,Ben,Roberts
ECONOMICS,HL,2026 MAY,2605064,Ben,White
PHYSICS,SL,2026 MAY,2605034,Alice,Parker
COMPUTER SCIENCE,HL,2026 MAY,2605009,Alice,Wilson
PHYSICS,SL,2026 MAY,2605038,Alice,Stewart
ECONOMICS,HL,2026 MAY,2605072,Ben,Scott
COMPUTER SCIENCE,HL,2026 MAY,2605031,Alice,Turner
PHYSICS,SL,2026 MAY,2605044,Alice,Bell
ECONOMICS,HL,2026 MAY,2605062,Ben,Thomas
PHYSICS,SL,2026 MAY,2605042,Alice,Cook
PHYSICS,SL,2026 MAY,2605040,Alice,Rogers
ECONOMICS,HL,2026 MAY,2605089,Ben,Morris
PHYSICS,SL,2026 MAY,2605047,Alice,Rivera
ECONOMICS,HL,2026 MAY,2605078,Ben,Mitchell
COMPUTER SCIENCE,HL,2026 MAY,2605013,Alice,Jackson
PHYSICS,SL,2026 MAY,2605037,Alice,Collins
COMPUTER SCIENCE,HL,2026 MAY,2605024,Alice,Baker
COMPUTER SCIENCE,HL,2026 MAY,2605019,Alice,Allen
ECONOMICS,HL,2026 MAY,2605066,Ben,Martin
ECONOMICS,HL,2026 MAY,2605069,Ben,Allen
PHYSICS,SL,2026 MAY,2605053,Ben,Chen
COMPUTER SCIENCE,HL,2026 MAY,2605008,Alice,Brown
PHYSICS,SL,2026 MAY,2605035,Alice,Evans
ECONOMICS,HL,2026 MAY,2605074,Ben,Baker
COMPUTER SCIENCE,HL,2026 MAY,2605003,Alice,Chen
COMPUTER SCIENCE,HL,2026 MAY,2605017,Alice,Thompson
PHYSICS,SL,2026 MAY,2605039,Alice,Morris
PHYSICS,SL,2026 MAY,2605051,Ben,Smith
COMPUTER SCIENCE,HL,2026 MAY,2605023,Alice,Green
ECONOMICS,HL,2026 MAY,2605079,Ben,Perez
COMPUTER SCIENCE,HL,2026 MAY,2605025,Alice,Adams
COMPUTER SCIENCE,HL,2026 MAY,2605006,Alice,Patel
COMPUTER SCIENCE,HL,2026 MAY,2605007,Alice,Garcia
ECONOMICS,HL,2026 MAY,2605061,Ben,Anderson
PHYSICS,SL,2026 MAY,2605049,Alice,Richardson
ECONOMICS,HL,2026 MAY,2605083,Ben,Campbell
COMPUTER SCIENCE,HL,2026 MAY,2605010,Alice,Nguyen
ECONOMICS,HL,2026 MAY,2605084,Ben,Parker
COMPUTER SCIENCE,HL,2026 MAY,2605022,Alice,Scott
ECONOMICS,HL,2026 MAY,2605075,Ben,Adams
PHYSICS,SL,2026 MAY,2605045,Alice,Murphy
COMPUTER SCIENCE,HL,2026 MAY,2605021,Alice,Wright
COMPUTER SCIENCE,HL,2026 MAY,2605001,Alice,Smith
ECONOMICS,HL,2026 MAY,2605087,Ben,Collins
PHYSICS,SL,2026 MAY,2605058,Ben,Brown
ECONOMICS,HL,2026 MAY,2605085,Ben,Evans
PHYSICS,SL,2026 MAY,2605054,Ben,Kim
ECONOMICS,HL,2026 MAY,2605090,Ben,Rogers
COMPUTER SCIENCE,HL,2026 MAY,2605026,Alice,Nelson
ECONOMICS,HL,2026 MAY,2605077,Ben,Carter
ECONOMICS,HL,2026 MAY,2605065,Ben,Harris
COMPUTER SCIENCE,HL,2026 MAY,2605030,Alice,Roberts
COMPUTER SCIENCE,HL,2026 MAY,2605028,Alice,Mitchell
ECONOMICS,HL,2026 MAY,2605081,Ben,Turner
ECONOMICS,HL,2026 MAY,2605088,Ben,Stewart
COMPUTER SCIENCE,HL,2026 MAY,2605005,Alice,Tan
PHYSICS,SL,2026 MAY,2605055,Ben,Tan
ECONOMICS,HL,2026 MAY,2605076,Ben,Nelson
COMPUTER SCIENCE,HL,2026 MAY,2605012,Alice,Thomas
ECONOMICS,HL,2026 MAY,2605070,Ben,King
COMPUTER SCIENCE,HL,2026 MAY,2605014,Alice,White
COMPUTER SCIENCE,HL,2026 MAY,2605018,Alice,Young
COMPUTER SCIENCE,HL,2026 MAY,2605029,Alice,Perez
COMPUTER SCIENCE,HL,2026 MAY,2605032,Alice,Phillips
PHYSICS,SL,2026 MAY,2605036,Alice,Edwards
COMPUTER SCIENCE,HL,2026 MAY,2605004,Alice,Kim
COMPUTER SCIENCE,HL,2026 MAY,2605015,Alice,Harris
ECONOMICS,HL,2026 MAY,2605082,Ben,Phillips
